magnet_name,magnet_date,magnet_size,magnet
【肖邦首发】变形金刚5：最后的骑士国英双语Transformers.The.Last.Knight.2017.1080p.mkv,2017-11-10,18.53 GB,magnet:?xt=urn:btih:af1e7f1c017e4274318b5bf9053d79572893c2e8
变形金刚.2007.HD720P.英语中字.mp4,2017-11-10,1.29 GB,magnet:?xt=urn:btih:cc87ce5b63ddf59f418f3cb36c46334e4679c500
[B之家www.btjia.cc]变形金刚5：最后的骑士（大陆公映双语）.1080p.HD中字[高清版迅雷百度云BT电影下载],2017-11-10,3.66 GB,magnet:?xt=urn:btih:ae77221b7aa1038546cb2e11493138ccfa1041ea
变形金刚5：最后的骑士.Transformers.The.Last.Knight.2017.1080p.BluRay.AVC.Atmos.TrueHD7.1-HDHome,2017-11-08,43.54 GB,magnet:?xt=urn:btih:4c9d76d26f8f5fd9bd7ae69aba83afbc38d01b18
3DMAX变形金刚,2017-11-06,2.49 GB,magnet:?xt=urn:btih:78cc64556aba62c1e3da71c85710e63ec7e2eb5e
【遇见交友群】变形金刚3,2017-11-04,1.79 GB,magnet:?xt=urn:btih:3f3a60922dd3f2f2712d117a2e78dae6ece2d967
变形金刚5：最后的骑士.2017.HD720P.韩版中英双字.[更多请关注公众号：小河影视].mp4,2017-11-02,2.9 GB,magnet:?xt=urn:btih:589d1a6b5f875cf429e33371de3207b3cfebfd74
变形金刚1.Transformers.2007.BluRay.720p.x264.AC3.2Audios-CMCT.mkv,2017-11-01,5.33 GB,magnet:?xt=urn:btih:18cad1816d481e101704d03fa0999e4550852561
变形金刚：最后的骑士.Transformers.The.Last.Knight.2017.1080p.Orange字幕组.mp4,2017-10-31,2.28 GB,magnet:?xt=urn:btih:9896f0a00194a60b18cd08fd0295c86feaccac57
变形金刚5：最后的骑士2017，关注【宁波暴风动漫】微信公众号，获取更多资源,2017-10-30,7.32 GB,magnet:?xt=urn:btih:0b9d20d91139961a3432fedb073804d759a0f533
变形金刚5,2017-10-27,5.94 GB,magnet:?xt=urn:btih:9e96da711d9dce10621c8fddf057068c1c71130b
变形金刚5：最后的骑士.Transformers.The.Last.Knight.2017.1080p.BluRay.x264-中英双字-MP4BA.mp4,2017-10-26,4.6 GB,magnet:?xt=urn:btih:c7336ec78d493812874650e3c719af156cd707d2
【轨 迹】变形金刚  Ⅲ,2017-10-26,6.55 GB,magnet:?xt=urn:btih:0aa615d228c70c7dea71ebe7da2a2a658e0dbb48
变形金刚2：卷土重来￡圣城loveliness,2017-10-25,3.12 GB,magnet:?xt=urn:btih:2495a213252df0dbe8ec6496af126302ddbd8b17
变形金刚：最后的骑士.Transformers.The.Last.Knight.2017.1080p.Orange字幕组.mp4,2017-10-25,2.28 GB,magnet:?xt=urn:btih:87c001f143a07df40a91d7afb36a7013ce36bd47
[阳光电影www.ygdy8.com].变形金刚5：最后的骑士.BD.720p.中英双字幕.mkv,2017-10-24,2.06 GB,magnet:?xt=urn:btih:0bad754cbf909141a088accae03478eabd486c01
变形金刚：重拳出击 ———— 简体中文硬盘版,2017-10-24,345.5 MB,magnet:?xt=urn:btih:cf22784c047a16a921e26908278b112d4d67439c
变形金刚【微信公众号ZSBT666】1-4,2017-10-24,17.14 GB,magnet:?xt=urn:btih:b81f4c75fc65a38199d4ccac83f891d7648ab29c
飞鸟娱乐(bbs.hdbird.com).变形金刚4：绝迹重生.720p.中英字幕,2017-10-24,3.42 GB,magnet:?xt=urn:btih:b8d10d2949b969907b00de5ce685f342c0205844
变形金刚1.BD.mp4,2017-10-23,5.1 GB,magnet:?xt=urn:btih:b1c984a4eacf9bf6458d1cf249942c1007d34452
